{
  "name" : "SUSCRIBE_DATA",
  "type" : "COMPOSITEBAG",
  "multiValue" : false,
  "fuzzyMatch" : false,
  "promptForDisambiguation" : true,
  "eventHandler" : "test_CC:subscribers_handler",
  "botPrompts" : [ {
    "text" : "Please enter subscribe_data",
    "sequenceNr" : null
  } ],
  "validationRules" : [ ],
  "compositeBagItems" : [ {
    "sequenceNr" : 1,
    "name" : "ASK_ENABLE_NOTIFICATIONS",
    "type" : "ENTITY",
    "entityName" : "YES_NO_LIST",
    "entityUsage" : {
      "type" : "ENUMVALUES",
      "trackingId" : "989560C2-457E-45EF-8EFD-86A20467686E",
      "name" : "YES_NO_LIST",
      "description" : null,
      "multiValue" : false,
      "fuzzyMatch" : false,
      "promptForDisambiguation" : true,
      "disambiguationPrompt" : null,
      "enumRangeSize" : null,
      "errorMessage" : null,
      "eventHandler" : null,
      "multiLingual" : null,
      "botPrompts" : [ {
        "trackingId" : "9719F5ED-D60D-4AE1-93CA-681E9E3DE7D6",
        "text" : "Please enter YES_NO_LIST"
      } ],
      "validationRules" : [ ],
      "extensionType" : null,
      "valueClass" : "oracle.cloud.bots.model.entity.metadata.StaticEntityValue"
    },
    "errorMessage" : "Please select an option or write yes or no.",
    "multiValue" : false,
    "multiLingual" : false,
    "fuzzyMatch" : false,
    "outOfOrderExtraction" : false,
    "promptForDisambiguation" : false,
    "prompts" : [ {
      "text" : "Would you like to receive this prediction periodically? Subscribe and we will send you an SMS message every day with the weather forecast.",
      "sequenceNr" : null
    } ],
    "trackingId" : "F9E745FF-DF63-4382-8910-E796D5A8637F"
  }, {
    "sequenceNr" : 2,
    "name" : "ASK_PHONE_NUMBER",
    "type" : "ENTITY",
    "entityName" : "PHONE_NUMBER",
    "entityUsage" : {
      "type" : "SYSTEM",
      "trackingId" : "26C37DC5-9993-428A-B76F-251599756F8B",
      "name" : "PHONE_NUMBER",
      "description" : null,
      "multiValue" : false,
      "fuzzyMatch" : false,
      "promptForDisambiguation" : true,
      "disambiguationPrompt" : null,
      "enumRangeSize" : null,
      "errorMessage" : null,
      "eventHandler" : null,
      "multiLingual" : null,
      "botPrompts" : [ ],
      "validationRules" : [ ],
      "extensionType" : null
    },
    "errorMessage" : "It seems that the number you entered is incorrect. Try again.",
    "multiValue" : false,
    "multiLingual" : false,
    "fuzzyMatch" : false,
    "outOfOrderExtraction" : false,
    "promptForDisambiguation" : false,
    "prompts" : [ {
      "text" : "Enter the mobile number where you will receive a daily SMS message with your weather forecast.",
      "sequenceNr" : 1
    } ],
    "trackingId" : "3528AD1E-A3C2-478C-AFB7-554912034397"
  } ],
  "trackingId" : "BF80B469-BBAB-4E40-BF12-F7AA308F8EDC"
}