{
  "name" : "YES_NO_LIST",
  "type" : "ENUMVALUES",
  "enumValues" : [ {
    "type" : "StaticEntityValue",
    "trackingId" : "9B460333-C3E7-4E5B-ABA5-BEED5B463B1C",
    "canonicalName" : "YES",
    "synonyms" : [ "yes, sure" ],
    "extensionType" : null,
    "primaryLanguageCanonicalName" : "YES",
    "nativeLanguageTag" : "en"
  }, {
    "type" : "StaticEntityValue",
    "trackingId" : "F021D0AB-E1C0-4638-8C46-4A94C4753F8A",
    "canonicalName" : "NO",
    "synonyms" : [ "No, not now" ],
    "extensionType" : null,
    "primaryLanguageCanonicalName" : "NO",
    "nativeLanguageTag" : "en"
  } ],
  "multiValue" : false,
  "fuzzyMatch" : false,
  "promptForDisambiguation" : true,
  "botPrompts" : [ {
    "text" : "Please enter YES_NO_LIST",
    "sequenceNr" : null
  } ],
  "validationRules" : [ ],
  "trackingId" : "989560C2-457E-45EF-8EFD-86A20467686E"
}