{
  "name" : "Help",
  "type" : "NLPIntent",
  "trackingId" : "5C407138-1750-4334-9BF2-24C6FF1F71B6",
  "enabled" : true,
  "intentParameters" : [ ],
  "exampleData" : [ {
    "sentence" : "Help",
    "trackingId" : "777A92A6-E1E4-467F-BE82-DC602E2C37B1",
    "nativeLanguageTag" : "en",
    "translated" : null,
    "detectedLanguage" : null,
    "translatedLanguage" : null,
    "translatedBy" : null,
    "crowdJobId" : null,
    "contributor" : null,
    "developerId" : null,
    "developerTag" : null,
    "exampleEntities" : [ ]
  }, {
    "sentence" : "I don't know how to use the bot",
    "trackingId" : "C7967E7A-8BAA-4191-8A56-D0DF96691054",
    "nativeLanguageTag" : "en",
    "translated" : null,
    "detectedLanguage" : null,
    "translatedLanguage" : null,
    "translatedBy" : null,
    "crowdJobId" : null,
    "contributor" : null,
    "developerId" : null,
    "developerTag" : null,
    "exampleEntities" : [ ]
  }, {
    "sentence" : "what can you do?",
    "trackingId" : "7CA1F2E2-26AD-4093-A0E8-3F9DA36CBDEB",
    "nativeLanguageTag" : "en",
    "translated" : null,
    "detectedLanguage" : null,
    "translatedLanguage" : null,
    "translatedBy" : null,
    "crowdJobId" : null,
    "contributor" : null,
    "developerId" : null,
    "developerTag" : null,
    "exampleEntities" : [ ]
  }, {
    "sentence" : "I need help",
    "trackingId" : "87D5008F-F3B6-4C1B-8A58-854CD7389CA0",
    "nativeLanguageTag" : "en",
    "translated" : null,
    "detectedLanguage" : null,
    "translatedLanguage" : null,
    "translatedBy" : null,
    "crowdJobId" : null,
    "contributor" : null,
    "developerId" : null,
    "developerTag" : null,
    "exampleEntities" : [ ]
  }, {
    "sentence" : "What can I do",
    "trackingId" : "49E62556-497F-40FA-83E7-8D53A2EACDDD",
    "nativeLanguageTag" : "en",
    "translated" : null,
    "detectedLanguage" : null,
    "translatedLanguage" : null,
    "translatedBy" : null,
    "crowdJobId" : null,
    "contributor" : null,
    "developerId" : null,
    "developerTag" : null,
    "exampleEntities" : [ ]
  } ],
  "autoCompleteData" : [ ]
}