{
  "name" : "WeatherForecast",
  "type" : "NLPIntent",
  "trackingId" : "8D3B14AA-1BA1-4CCD-8F4F-6FB81201F8AB",
  "enabled" : true,
  "intentParameters" : [ {
    "name" : "DATE",
    "required" : true,
    "entity" : "DATE",
    "trackingId" : "55C33E90-8D83-481A-B0CA-82D922373E25"
  }, {
    "name" : "ADDRESS",
    "required" : true,
    "entity" : "ADDRESS",
    "trackingId" : "BEB412F3-F719-457E-B77F-980F755921E8"
  } ],
  "exampleData" : [ {
    "sentence" : "it will be rainy tomorrow at Mexico City?",
    "trackingId" : "1AD189A8-CF6D-46DC-A8FD-A851B7DF2CC1",
    "nativeLanguageTag" : "en",
    "translated" : null,
    "detectedLanguage" : null,
    "translatedLanguage" : null,
    "translatedBy" : null,
    "crowdJobId" : null,
    "contributor" : null,
    "developerId" : null,
    "developerTag" : null,
    "exampleEntities" : [ ]
  }, {
    "sentence" : "what is the temperature in New York",
    "trackingId" : "6C92323C-8A91-43B1-80E3-57ACE44AA6BB",
    "nativeLanguageTag" : "en",
    "translated" : null,
    "detectedLanguage" : null,
    "translatedLanguage" : null,
    "translatedBy" : null,
    "crowdJobId" : null,
    "contributor" : null,
    "developerId" : null,
    "developerTag" : null,
    "exampleEntities" : [ ]
  }, {
    "sentence" : "how it will be the whater tommow at Monaco",
    "trackingId" : "CD2F7869-3D46-4FCA-A9E0-07DEA7FE9791",
    "nativeLanguageTag" : "en",
    "translated" : null,
    "detectedLanguage" : null,
    "translatedLanguage" : null,
    "translatedBy" : null,
    "crowdJobId" : null,
    "contributor" : null,
    "developerId" : null,
    "developerTag" : null,
    "exampleEntities" : [ ]
  }, {
    "sentence" : "is it raining in London",
    "trackingId" : "60A338F1-3479-4D14-9FEC-35C7BA37F527",
    "nativeLanguageTag" : "en",
    "translated" : null,
    "detectedLanguage" : null,
    "translatedLanguage" : null,
    "translatedBy" : null,
    "crowdJobId" : null,
    "contributor" : null,
    "developerId" : null,
    "developerTag" : null,
    "exampleEntities" : [ ]
  }, {
    "sentence" : "Is it rainy in NY?",
    "trackingId" : "FDECBD22-1BF2-42D5-9CF1-2B44D41A96DD",
    "nativeLanguageTag" : "en",
    "translated" : null,
    "detectedLanguage" : null,
    "translatedLanguage" : null,
    "translatedBy" : null,
    "crowdJobId" : null,
    "contributor" : null,
    "developerId" : null,
    "developerTag" : null,
    "exampleEntities" : [ ]
  }, {
    "sentence" : "it will be raining tomorrow",
    "trackingId" : "367EF917-0FF9-4F18-B2BD-F34570A7C979",
    "nativeLanguageTag" : "en",
    "translated" : null,
    "detectedLanguage" : null,
    "translatedLanguage" : null,
    "translatedBy" : null,
    "crowdJobId" : null,
    "contributor" : null,
    "developerId" : null,
    "developerTag" : null,
    "exampleEntities" : [ ]
  }, {
    "sentence" : "what's the weather forecast in Madrid for tomorrow",
    "trackingId" : "F8C88615-A0F4-4736-A47E-786B1C4A7EE9",
    "nativeLanguageTag" : "en",
    "translated" : null,
    "detectedLanguage" : null,
    "translatedLanguage" : null,
    "translatedBy" : null,
    "crowdJobId" : null,
    "contributor" : null,
    "developerId" : null,
    "developerTag" : null,
    "exampleEntities" : [ ]
  }, {
    "sentence" : "What’s the weather forecast in Japan for the friday?",
    "trackingId" : "42AE2110-B699-47DE-B71F-52FC12D1DB65",
    "nativeLanguageTag" : "en",
    "translated" : null,
    "detectedLanguage" : null,
    "translatedLanguage" : null,
    "translatedBy" : null,
    "crowdJobId" : null,
    "contributor" : null,
    "developerId" : null,
    "developerTag" : null,
    "exampleEntities" : [ ]
  }, {
    "sentence" : "What’s the weather like in Paris?",
    "trackingId" : "D31C56AC-E4EE-412D-81F9-201CDBE269D3",
    "nativeLanguageTag" : "en",
    "translated" : null,
    "detectedLanguage" : null,
    "translatedLanguage" : null,
    "translatedBy" : null,
    "crowdJobId" : null,
    "contributor" : null,
    "developerId" : null,
    "developerTag" : null,
    "exampleEntities" : [ ]
  } ],
  "autoCompleteData" : [ {
    "sentence" : "how it will be the whater tommow at Monaco",
    "trackingId" : "B265CA5B-93B7-436F-8B4F-47F742ED81CB",
    "nativeLanguageTag" : "en",
    "detectedLanguage" : null
  }, {
    "sentence" : "Is it rainy in NY?",
    "trackingId" : "BCF1C82F-A544-47B8-915F-EE21E1547D10",
    "nativeLanguageTag" : "en",
    "detectedLanguage" : null
  }, {
    "sentence" : "is it raining in London",
    "trackingId" : "0C0DB3D3-C55C-4563-AA5A-3C66BA279F64",
    "nativeLanguageTag" : "en",
    "detectedLanguage" : null
  }, {
    "sentence" : "what is the temperature in New York",
    "trackingId" : "BC2BE2AB-5BAA-4A23-8D9A-53D679D1DCC7",
    "nativeLanguageTag" : "en",
    "detectedLanguage" : null
  }, {
    "sentence" : "what's the weather forecast in Madrid for tomorrow",
    "trackingId" : "42BB39E5-D385-4761-87F5-6490D93888CA",
    "nativeLanguageTag" : "en",
    "detectedLanguage" : null
  }, {
    "sentence" : "it will be raining tomorrow ",
    "trackingId" : "C199E64D-C170-4216-9BD2-566635517B1F",
    "nativeLanguageTag" : "en",
    "detectedLanguage" : null
  }, {
    "sentence" : "What’s the weather forecast in Japan for the friday?",
    "trackingId" : "3825D902-9E4A-48D8-94C3-E8C2EDE96D46",
    "nativeLanguageTag" : "en",
    "detectedLanguage" : null
  }, {
    "sentence" : "What’s the weather like in Paris?",
    "trackingId" : "95FD3C63-7A52-4733-A2A5-6451CC69270C",
    "nativeLanguageTag" : "en",
    "detectedLanguage" : null
  }, {
    "sentence" : "it will be rainy tomorrow at Mexico City?",
    "trackingId" : "6CDF2F22-D732-4B94-B54F-16C1777EFC72",
    "nativeLanguageTag" : "en",
    "detectedLanguage" : null
  } ]
}