{
  "languageTag" : "default",
  "keys" : {
    "systemComponent_AgentInitiation_rejectedMessage" : {
      "message" : "Agent rejected.",
      "extensionType" : null,
      "trackingId" : "1D7AA66E-3BB2-429F-BA1F-AC2F05264AE3",
      "annotation" : "The message shown to the user when human agent rejects the chat request."
    },
    "systemComponent_AgentInitiation_errorMessage" : {
      "message" : "Error transferring to agent. The reason is: {0}.",
      "extensionType" : null,
      "trackingId" : "219D959C-6C22-4421-99D5-4D3B0E593F31",
      "annotation" : "The message shown to user when system error occurs during chat initiation with agent."
    },
    "systemComponent_IntelligentAdvisor_maskLabel" : {
      "message" : "Answer format: {0}",
      "extensionType" : null,
      "trackingId" : "7B3E9733-AFB4-4FE2-9348-2EE861834B77",
      "annotation" : "Text that's added to a question to display the expected format for Intelligent Advisor interview inputs of type Masked Text Box."
    },
    "systemComponent_AgentTransfer_errorMessage" : {
      "message" : "We were unable to transfer you to another agent because there was a system error.",
      "extensionType" : null,
      "trackingId" : "5EED3D7E-196B-4DDB-92B4-C4BB01D8DA7B",
      "annotation" : "The message shown to the user when Digital Assistant experiences trouble with the agent chat system."
    },
    "systemComponent_AgentConversation_errorMessage" : {
      "message" : "Chat session error. The reason is: {0}.",
      "extensionType" : null,
      "trackingId" : "6312F15C-4DA7-4593-A307-E85C311852DB",
      "annotation" : "The message shown to the user when Digital Assistant experiences errors with the agent chat system."
    },
    "systemComponent_IntelligentAdvisor_outOfOrderMessage" : {
      "message" : "You have already answered this question. When you want to step backwards to change a previous answer, say {0}.",
      "extensionType" : null,
      "trackingId" : "8B8A0F1F-6C4E-496C-9D24-969E9AB6B435",
      "annotation" : "Error message that's displayed when the user taps a button in a previous Intelligent Advisor interview message."
    },
    "systemComponent_KnowledgeSearch_defaultAttachmentLabel" : {
      "message" : "Download",
      "extensionType" : null,
      "trackingId" : "4D65CB7D-22FE-4452-8EFC-2E003EDF4D21",
      "annotation" : "The default label to use for the result card's URL action that is linked with an attachment of the search result if that attachment does not have a display name configured already."
    },
    "systemComponent_Intent_optionsPrompt" : {
      "message" : "Do you want to",
      "extensionType" : null,
      "trackingId" : "DD4AEF99-5AE0-499D-8992-9BED8A69D06D",
      "annotation" : "The prompt shown to the user when there are multiple top intents within the confidence win margin."
    },
    "systemComponent_QnA_categoriesLabel" : {
      "message" : "Categories",
      "extensionType" : null,
      "trackingId" : "486B0BA7-23C8-47DC-BA14-76C95656B383",
      "annotation" : "The label for the action to display the categories that match the user utterance."
    },
    "systemComponent_AgentConversation_waitExpiryMessage" : {
      "message" : "The request for live chat expired while waiting for an agent.",
      "extensionType" : null,
      "trackingId" : "45FF74D7-2CD9-4BCE-97EF-B0C532FA05BD",
      "annotation" : "The message shown to the user when the chat expires while waiting for an agent."
    },
    "systemComponent_AgentTransfer_rejectedMessage" : {
      "message" : "Agent rejected.",
      "extensionType" : null,
      "trackingId" : "8B6E9413-3409-4C82-A728-532FDA8C6B5D",
      "annotation" : "The message that's shown to the users whenever a human agent rejects the chat request, 'maxEngagementsInQueue' is exceeded, the 'allowTransferIf' condition is not met, or the estimated wait time exceeds 'maxWaitSeconds'."
    },
    "systemComponent_ResolveEntities_showMoreLabel" : {
      "message" : "Show More",
      "extensionType" : null,
      "trackingId" : "C0ED62B3-4086-4BE0-AF41-39228B0DE003",
      "annotation" : "The label used for the forward pagination button when the number of enumeration values, or disambiguation matches exceeds the 'Enumeration Range Size' property of the composite bag item."
    },
    "systemComponent_QnA_answersLabel" : {
      "message" : "Answers",
      "extensionType" : null,
      "trackingId" : "D76E3FF9-4198-4BA4-A4BA-03B300494667",
      "annotation" : "The label for the action to view answers in a particular category."
    },
    "systemComponent_IntelligentAdvisor_resetLabel" : {
      "message" : "/reset",
      "extensionType" : null,
      "trackingId" : "17B8F0FF-854B-4751-AF13-1A0DB0C3A199",
      "annotation" : "The text that users have to type to indicate that they want to go back to the first question."
    },
    "systemComponent_KnowledgeSearch_noResultText" : {
      "message" : "Sorry, no result was found in the knowledge search.",
      "extensionType" : null,
      "trackingId" : "BAA17940-0ACB-445B-A27A-D839955789BE",
      "annotation" : "The text to output when no search result is available."
    },
    "systemConfiguration_oauthSuccessPrompt" : {
      "message" : "Authentication successful! You can return to the conversation.",
      "extensionType" : null,
      "trackingId" : "79E591E4-DD12-454E-B3B1-5E1E2C38858A",
      "annotation" : "The message when OAuth authorization succeeds."
    },
    "systemConfiguration_oauthCancelPrompt" : {
      "message" : "Authentication canceled.",
      "extensionType" : null,
      "trackingId" : "D3BBF00F-13E2-4799-A5CC-895F834C89C2",
      "annotation" : "The message when OAuth authorization is canceled."
    },
    "systemComponent_IntelligentAdvisor_yesNoMessage" : {
      "message" : "Enter either {0} or {1}",
      "extensionType" : null,
      "trackingId" : "FF8A1A56-6A26-49EA-B90E-2EFC5683878D",
      "annotation" : "Message that's displayed when the user enters an invalid answer for Intelligent Advisor interview inputs of type Boolean Radio Button."
    },
    "systemComponent_AgentConversation_userLeftMessage" : {
      "message" : "User left the chat.",
      "extensionType" : null,
      "trackingId" : "EB5D8AF6-97FA-4685-8320-87591D5AB5A2",
      "annotation" : null
    },
    "systemComponent_OAuth2AccountLink_cancelLabel" : {
      "message" : "Cancel",
      "extensionType" : null,
      "trackingId" : "ED764DC7-9624-4183-9EE2-087112845BA7",
      "annotation" : "The label for the cancel button that lets users leave the state without invoking the authentication dialog."
    },
    "systemComponent_IntelligentAdvisor_exitLabel" : {
      "message" : "/exit",
      "extensionType" : null,
      "trackingId" : "0E3C83B0-FD7D-41ED-9B23-3B2840211241",
      "annotation" : "The text that users have to type to indicate that they want to exit the interview."
    },
    "systemComponent_ResolveEntities_showPreviousLabel" : {
      "message" : "Show Previous",
      "extensionType" : null,
      "trackingId" : "4D564116-E3A5-48DF-BDEE-FA3C53DA045B",
      "annotation" : "The label used for the backward pagination button when the number of enumeration values, or disambiguation matches exceeds the 'Enumeration Range Size' property of the composite bag item."
    },
    "systemComponent_OAuth2AccountLink_prompt" : {
      "message" : "Please sign in",
      "extensionType" : null,
      "trackingId" : "C5560E78-0885-4E6B-AFE5-BD68367630FA",
      "annotation" : "The message that tells users to sign in now."
    },
    "systemComponent_IntelligentAdvisor_doneHelp" : {
      "message" : "When you are done with the upload, say {0}.",
      "extensionType" : null,
      "trackingId" : "5308DB51-E473-4993-9A83-4D3D0D7DBBF2",
      "annotation" : "Help message that's displayed for Intelligent Advisor interview inputs of type Upload."
    },
    "systemComponent_AgentInitiation_agentActionsMessage" : {
      "message" : "\\n Here are the available actions that you can send to transfer the conversation back to the bot. Prepend the action with a forward slash (for example, /actionName).\\n",
      "extensionType" : null,
      "trackingId" : "68596C84-E6BC-46F9-8B79-20A395AE34E8",
      "annotation" : "Message preceding the list of agent actions."
    },
    "systemComponent_AgentInitiation_waitingMessage" : {
      "message" : "Agent chat session established, Waiting for agent to join.",
      "extensionType" : null,
      "trackingId" : "36C28B73-0086-425C-8F33-FBE6263E069D",
      "annotation" : "The message that's shown to users when they are waiting for a human agent."
    },
    "systemComponent_Intent_optionsQnaLabel" : {
      "message" : "View Answers",
      "extensionType" : null,
      "trackingId" : "E7CA19E3-30F7-437D-AA4C-44353DC6EED2",
      "annotation" : "The label of the action in the options (see optionsPrompt) that will take the user to the QnA component to display the matches."
    },
    "systemComponent_KnowledgeSearch_resultLinkLabel" : {
      "message" : "View Details",
      "extensionType" : null,
      "trackingId" : "0D4C0B6C-7C82-4E04-8DF4-EBBC85A72B31",
      "annotation" : "The label to use for the result card's URL action that's linked to the web version of the knowledge article."
    },
    "systemComponent_QnA_subCategoriesLabel" : {
      "message" : "Sub-Categories",
      "extensionType" : null,
      "trackingId" : "ABCEADCB-401A-4527-AD10-AA4BC5A4819E",
      "annotation" : "The label for the action to display sub-categories within a given category."
    },
    "systemComponent_IntelligentAdvisor_yesLabel" : {
      "message" : "Yes",
      "extensionType" : null,
      "trackingId" : "77D555F6-3CAA-4DBC-990A-939EA1DDB61C",
      "annotation" : "The label to use to represent Boolean TRUE values."
    },
    "systemComponent_IntelligentAdvisor_noLabel" : {
      "message" : "No",
      "extensionType" : null,
      "trackingId" : "46572957-B2D6-4F12-975A-A69488A3E98A",
      "annotation" : "The label to use to represent Boolean FALSE values."
    },
    "systemComponent_QnA_exitLabel" : {
      "message" : "Exit Questions",
      "extensionType" : null,
      "trackingId" : "EC704F58-B915-4E82-B6BC-EA0CE9A852F9",
      "annotation" : "The label for the exit questions action."
    },
    "systemComponent_AgentConversation_conclusionMessage" : {
      "message" : "Chat session ended. Thanks for chatting with us.",
      "extensionType" : null,
      "trackingId" : "30D8A4E1-565B-48BC-AE55-D3EA61C3691C",
      "annotation" : "The message shown to the user when human agent ends the chat."
    },
    "systemComponent_Webview_prompt" : {
      "message" : "Please tap on the link to proceed",
      "extensionType" : null,
      "trackingId" : "67D0E785-7A0E-4E49-923C-4EE604020EB7",
      "annotation" : "The message for the user to tap on the link to invoke the webview."
    },
    "systemFlowName_Help" : {
      "message" : "Help",
      "extensionType" : null,
      "trackingId" : "4172DC02-4B7F-4E3A-89CD-DBF79C6E123E",
      "annotation" : null
    },
    "systemComponent_AgentConversation_expiryMessage" : {
      "message" : "Chat session expired. Thanks for chatting with us.",
      "extensionType" : null,
      "trackingId" : "FBCBEC53-794F-4A57-9C79-D3C89FCC36CD",
      "annotation" : "The message shown to the user when the chat session expires."
    },
    "systemComponent_AgentConversation_exitKeywords" : {
      "message" : "bye, take care, see you, goodbye",
      "extensionType" : null,
      "trackingId" : "AE3D52BB-8175-4932-85C1-1C869FBB33F3",
      "annotation" : "Comma-delimited list of keywords the user can use to end the chat with the agent."
    },
    "systemComponent_AgentInitiation_resumedMessage" : {
      "message" : "Resuming chat with agent",
      "extensionType" : null,
      "trackingId" : "F9157E0E-F36A-44FB-A2B7-8E88DFA2C12A",
      "annotation" : "The message shown to the user when the chat with human agent is resumed."
    },
    "systemComponent_IntelligentAdvisor_doneLabel" : {
      "message" : "/done",
      "extensionType" : null,
      "trackingId" : "70BFF677-F50E-4FC9-BD31-9552D1696113",
      "annotation" : "The text that users have to type to indicate that they are done uploading a file."
    },
    "systemComponent_QnA_moreCategoriesLabel" : {
      "message" : "More Categories",
      "extensionType" : null,
      "trackingId" : "AF56DF5C-A14B-44A1-86DA-EB8045DE073F",
      "annotation" : "The label for the action to paginate to next set of categories."
    },
    "systemComponent_IntelligentAdvisor_uncertainLabel" : {
      "message" : "Uncertain",
      "extensionType" : null,
      "trackingId" : "74E24BF8-5B6C-4F02-AA9A-DEDA7DC588D5",
      "annotation" : "The label that appears for optional values and is what the user can type if they don't know the value."
    },
    "systemConfiguration_errorUnexpectedErrorPrompt" : {
      "message" : "Oops I'm encountering a spot of trouble. Please try again later...",
      "extensionType" : null,
      "trackingId" : "269BFAD3-D43C-463A-8AE2-8AF0F3406FE3",
      "annotation" : "The message when there is an unexpected error."
    },
    "systemComponent_Webview_linkLabel" : {
      "message" : "Tap to continue",
      "extensionType" : null,
      "trackingId" : "603FFA15-6D09-4BC2-A0E1-CED4CA53B487",
      "annotation" : "The label of the button to invoke the webview."
    },
    "systemConfiguration_errorMaxStatesExceededPrompt" : {
      "message" : "Your session appears to be in an infinite loop.",
      "extensionType" : null,
      "trackingId" : "00DE91B9-DE98-4EEC-840C-62B1115FC36C",
      "annotation" : "The message when the bot appears to be in an infinite loop."
    },
    "systemComponent_AgentTransfer_waitingMessage" : {
      "message" : "Agent chat session established, Waiting for agent to join.",
      "extensionType" : null,
      "trackingId" : "F03CA6D9-182A-4004-B795-841DABBAB1E4",
      "annotation" : "The message that's shown to users when they're transferred to a human agent."
    },
    "systemComponent_IntelligentAdvisor_answerNotValid" : {
      "message" : "The answer is not in the correct format. Try again.",
      "extensionType" : null,
      "trackingId" : "635EDA34-526E-4D5F-BBD4-A66980DFCFC4",
      "annotation" : "Message that's displayed for Intelligent Advisor interview inputs of type Masked when the user's answer doesn't conform to the specified input mask."
    },
    "systemComponent_QnA_viewAnswerLabel" : {
      "message" : "View",
      "extensionType" : null,
      "trackingId" : "6E0C58CE-6763-476E-8B7C-57F0E121DB60",
      "annotation" : "The label for the action to view answer details."
    },
    "systemComponent_Webview_cancelLabel" : {
      "message" : "Cancel",
      "extensionType" : null,
      "trackingId" : "E4807DC9-6503-4AA1-81EA-B496F8CD2280",
      "annotation" : "The label of the cancel button to leave this state without invoking the webview."
    },
    "systemFlowName_Greetings" : {
      "message" : "Greetings",
      "extensionType" : null,
      "trackingId" : "1B1459B9-909C-4AD9-A7E9-9DF9CA4EB5A4",
      "annotation" : null
    },
    "systemComponent_IntelligentAdvisor_explanationAskLabel" : {
      "message" : "Do you want to see the explanation?",
      "extensionType" : null,
      "trackingId" : "E8A4F223-8401-41E2-86D8-A0DB566CF5A5",
      "annotation" : "The question that is asked when showExplanation is set to 'ask'."
    },
    "systemComponent_IntelligentAdvisor_endLabel" : {
      "message" : "Interview ended",
      "extensionType" : null,
      "trackingId" : "570B205C-A971-432D-AB43-AE8698C834E3",
      "annotation" : "The label that is shown in the chat at the end of the interview."
    },
    "systemComponent_ResolveEntities_defaultDisambiguationPrompt" : {
      "message" : "Please select one value for {0}",
      "extensionType" : null,
      "trackingId" : "08010773-1997-414F-926C-6DE786E0F9AA",
      "annotation" : "Default message shown when the user entered ambiguous input causing multiple entity matches."
    },
    "systemComponent_SelectCalendarEvent_prompt" : {
      "message" : "You have the following meeting(s):",
      "extensionType" : null,
      "trackingId" : "60A16313-65A0-4E98-8E19-079298A8D47B",
      "annotation" : "The text that appears before the list of meeting."
    },
    "systemFlowName_WeatherForecast" : {
      "message" : "WeatherForecast",
      "extensionType" : null,
      "trackingId" : "C37B68AB-63F0-4132-8A05-1AEAF9B87EBD",
      "annotation" : null
    },
    "systemConfiguration_errorExpiredSessionPrompt" : {
      "message" : "Your session has expired.  Please start again.",
      "extensionType" : null,
      "trackingId" : "70AA6760-EBC8-4501-B821-F398B44A1775",
      "annotation" : "The message when the session has expired."
    },
    "systemConfiguration_internalWelcomeMessage" : {
      "message" : "help",
      "extensionType" : null,
      "trackingId" : "4F250DCA-4C3A-46F8-9047-0B3B9F778D8E",
      "annotation" : "The internal message sent to the skill when a channel handles the event that a new user has gotten access to the skill. The reply to the internal message is sent as welcome message to the new user."
    },
    "systemComponent_AgentTransfer_acceptedMessage" : {
      "message" : "The chat has been transferred to another agent.",
      "extensionType" : null,
      "trackingId" : "10C58EEF-35C5-4994-9DA5-84BE4E96FCC6",
      "annotation" : "The message that's shown to the users whenever a human agent accepts the chat request."
    },
    "systemComponent_ResolveEntities_defaultPrompt" : {
      "message" : "Please enter {0}",
      "extensionType" : null,
      "trackingId" : "81C99DAA-C740-481E-9466-11AD9301E90E",
      "annotation" : "Default message shown to prompt the user for input."
    },
    "systemComponent_OAuthAccountLink_linkLabel" : {
      "message" : "Log In",
      "extensionType" : null,
      "trackingId" : "F10347B9-BB29-4E95-B074-FE4D6C821725",
      "annotation" : "The label for the button that invokes the authentication dialog."
    },
    "systemComponent_QnA_moreAnswersLabel" : {
      "message" : "More Answers",
      "extensionType" : null,
      "trackingId" : "C728133D-6A4C-4166-AC55-410317319A58",
      "annotation" : "The label for the action to paginate to next set of answers."
    },
    "systemComponent_IntelligentAdvisor_resumeSessionPrompt" : {
      "message" : "Do you want to restart the interview from where you previously left?",
      "extensionType" : null,
      "trackingId" : "A6A63198-E230-4763-A88F-F1A16B1437ED",
      "annotation" : "Question that is asked if the user starts an interview that they had previously left before the interview completed."
    },
    "systemComponent_OAuthAccountLink_cancelLabel" : {
      "message" : "Cancel",
      "extensionType" : null,
      "trackingId" : "A9916EA8-6B39-4ADE-9FB9-313FAD591E3B",
      "annotation" : "The label for the cancel button that lets users leave the state without invoking the authentication dialog."
    },
    "systemComponent_IntelligentAdvisor_numberMinMax" : {
      "message" : "Enter a number between {0} and {1}.",
      "extensionType" : null,
      "trackingId" : "24A83446-7F50-4EAB-ABDE-4F19DF02F811",
      "annotation" : "Message that's displayed when the user enters a value outside of the specified range for an Intelligent Advisor interview input of type Slider."
    },
    "systemComponent_OAuthAccountLink_prompt" : {
      "message" : "Please tap on the link to proceed",
      "extensionType" : null,
      "trackingId" : "0ACF19F4-3709-4CAF-B008-5A64272D89B2",
      "annotation" : "The message that tells users to sign in now."
    },
    "systemComponent_IntelligentAdvisor_undoLabel" : {
      "message" : "/back",
      "extensionType" : null,
      "trackingId" : "71C69151-B3B7-4A90-A037-6213DC10D16E",
      "annotation" : "The text that users have to type to indicate that they want to go back to the previous question."
    },
    "systemComponent_IntelligentAdvisor_defaultValue" : {
      "message" : "Suggested value is {0}.",
      "extensionType" : null,
      "trackingId" : "92CFB6FE-2F7A-4233-AF54-8B4FF830C798",
      "annotation" : "Text that's added to a question when the Intelligent Advisor interview input has a default value."
    },
    "systemComponent_OAuth2AccountLink_linkLabel" : {
      "message" : "Get an access token",
      "extensionType" : null,
      "trackingId" : "CAA887C2-BB0F-4B24-8D42-A799EDF36913",
      "annotation" : "The label for the button that invokes the authentication dialog."
    }
  }
}